Feature,SHAP Importance
LogP,1.1142756227382753
MW,0.5405090297152799
TPSA,0.20830953505236569
RotB,0.18901885020299278
HBD,0.1288525571245186
HBA,0.12631105061519407
